algorithm,f1,f8,f15,f20,f24
PSO,9.661334843e-09,1.584792062e-05,62.97336433,1.545702271,63.08898657
RANDOMSEARCH-5,20.38578847,4966.224993,236.1312209,550.9979432,227.7142904
GA,0.0009937241124,24.32913232,39.47687813,0.3953872939,62.62700491
